"Sample","Class","Subclass","CloneID","VDJ_SORTED","Seq_ID","V.GENE.and.allele"
"Ebola","G","IgG1",188,"gaagtgcagctggtggagtcggggggaggcttggtacagccagggcggtccctgagactctcctgttcagcttccggattcacgtttggtgattacgctctgagctgggtccgccaggctccagggaaggggctggagtgggtaggagtcattagaaatgagggctatggtgggacaacagaatatgccgcgtctgtgaaaggcagattcaccatctcaagagacgaatcgcaagggatcgcctatctgcaaatgaacagcctgaaaggcgacgacacagccgtttattactgtactagggccctgacatacacgtatggttatgatgcttttgatatctggggccatgggacagtggtcaccgtctcctcag","E50B_G1_101180_UID101070_RD31","IGHV3-49*04 F"
"Ebola","G","IgG1",188,"gaagtgcagctggtggagtcggggggaggcttggtacagccaggccggtccctgagactctcctgttcagcttccggattcacgtttggtgattatgctctgagctgggtccgccaggctccagggaaggggctggagtgggtaggattcattagaaataagggctatggtgggacaacagaatacgccgcgtctgtgaaaggcagattcaccatctcaagagacgaatcgaaaaggatcgcctatctgcaaatgaacagcctgaaaggcgacgacacagccgtttattactgtactagggccctgacatacacctatggttatgatgcttttgatatctggggccaagggacagtggtcaccgtctcttcag","E50B_G1_104426_UID103903_RD18","IGHV3-49*04 F"
"Ebola","G","IgG1",188,"gaagtgcagctggtggagtcggggggaggcttggtacagccaggccggtccctgagactctcctgttcagcttccggattcacgtttggtgattatgctctgagctgggtccgccaggctccagggaaggggctggagtgggtaggattcattagaaataagggctatggtgggacaacagaatacgccgcgtctgtgaaaggcagattcaccatctcaagagacgaatcgaaaaggatcgcctatctgcaaatgaacagcctgaaaggcgacgacacagccgtttattactgtactagggccctgacatacacctatggttatgatgcttttgatatctggggccaagggacagtggtcaccgtctcttcag","E50B_G1_104455_UID103926_RD37","IGHV3-49*04 F"
"Ebola","G","IgG1",188,"gaagtgcagctggtggagtcggggggaggcttggtacagccaggccggtccctgagactctcctgttcagcttccggattcacgtttggtgattatgctctgagctgggtccgccaggctccagggaaggggctggagtgggtaggattcattagaaataagggctatggtgggacaacagaatacgccgcgtctgtgaaaggcagattcaccatctcaagagacgaatcgaaaaggatcgcctatctgcaaatgaacagcctgaaaggcgacgacacagccgtttattactgtactagggccctgacatacacctatggttatgatgcttttgatatctggggccaagggacagtggtcaccgtctcttcag","E50B_G1_104923_UID104340_RD24","IGHV3-49*04 F"
"Ebola","G","IgG1",188,"gaagtgcagctggtggagtctgggggaggcttggtacagccagggcggtccctgagactctcctgtacaacttccggattcacctttgatgattatgctctgagctgggtccgccaggctcccgggaaggggctggagtgggtaggattcactagaaataagggttatggtgggacagcagaatacgccgcgtctgtgaaaggcagattcaccatctcaagagacgaggcgaaaagcatcgcctatctgcacatgaacagcctgaaaggcgacgacacaggcgtttattactgtactcgggcccttacatacacctatggttacgatgcttttgatatttggggccaagggacagtggtcaccgtttcttcag","E50B_G1_105370_UID104723_RD17","IGHV3-49*04 F"
"Ebola","G","IgG1",188,"gaagtgcagctggtggagtcggggggaggcttggtacagccagggcggtccctgagactctcctgttcagcttccggattcacgtttggtgattatgctctgagctgggtccgccaggctccagggaaggggctggagtgggtaggattcattagaaataagggctatggtgggacaacagaatacgccgcgtctgtgaaaggcagattcaccatctcaagagacgaatcgaaagggatcgcctatctgcaaatgaacagcctgaaaggcgacgacacagccgtttattactgtactagggccctgacatacacctatggttatgatgcttttgatatctggggccaagggacagtggtcaccgtctcttcag","E50B_G1_105904_UID105201_RD36","IGHV3-49*04 F"
"Ebola","G","IgG3",188,"gaagtgcagctggtggagtcggggggaggcttggtacagccagggcggtccctgagactctcctgttcagcttccggattcacgtttggtgattatgctctgagctgggtccgccaggctccagggaaggggctggagtgggtcggattcattagaaatgagggctatggtgggacaacagaatacgccgcgtctgtgaaaggcagattcaccatctcaagagacgaatcaaagaggatcgcctatctgcaaatgaacagcctgaaaggcgacgacacagccgtttattactgtactagggccctgacatacacctatggttttgatgcttttgatatctggggccaagggacagtggtcaccgtctcttcag","E50B_G3_106301_UID105545_RD23","IGHV3-49*04 F"
"Ebola","G","IgG1",188,"gaagtgcagctggtggagtcggggggaggcttggtacagccaggccggtccctgagactctcctgttcagcttccggattcacgtttggtgattatgctctgagctgggtccgccaggctccagggaaggggctggagtgggtaggattcattagaaataagggctatggtgggacaacagaatacgccgcgtctgtgaaaggcagattcaccatctcaagagacgaatcgaaaaggatcgcctatctgcaaatgaacagcctgaaaggcgacgacacagccgtttattactgtactagggccctgacatacacctatggttatgatgcttttgatatctggggccaagggacagtggtcaccgtctcttcag","E50B_G1_106961_UID106123_RD22","IGHV3-49*04 F"
"Ebola","G","IgG1",188,"gaagtgcagctggtggagtcggggggaggcttggtacagccagggcggtccctgagactctcctgttcagcttccggattcacgtttggtgattatgctctgagctgggtccgccaggctccagggaaggggctggagtgggtaggattcattagaaataagggctatggtgggacaacagaatacgccgcgtctgtgaaaggcagattcaccatctcaagagacgaatcgaaaaggatcgcctatctgcaaatgaacagcctgaaaggcgacgacacagccgtttattactgtactagggccctgacatacacctatggttatgatgcttttgatatctggggccaagggacagtggtcaccgtctcttcag","E50B_G1_107425_UID106527_RD15","IGHV3-49*04 F"
"Ebola","G","IgG1",188,"gaagtgcagctggtggagtcggggggaggcttggtacagccagggcggtccctgagactctcctgttcagcttccggattcacatttggtgattatgctctgagctgggtccgccaggctccagggaaggggctggagtgggtaggattcattagaaatgagggctatggtgggacaacagaatatgccgcgtctgtgaaaggcagattcaccatctccagagacgaatcgaaagggatcgcctatctgcaaatgaacagcctgaaaggcgacgacacagccgtttattactgtactagggccctgacatacacctatggttatgatgcttttgatgtctggggccaagggacagtggtcaccgtctcatcag","E50B_G1_108064_UID107078_RD9","IGHV3-49*04 F"
"Ebola","G","IgG1",188,"gaagtgcagctggtggagtcggggggaggcttggtacagccaggccggtccctgagactctcctgttcagcttccggattcacgtttggtgattatgctctgagctgggtccgccaggctccagggaaggggctggagtgggtaggattcattagaaataagggctatggtgggacaacagaatacgccgcgtctgtgaaaggcagattcaccatctcaagagacgaatcgaaaaggatcgcctatctgcaaatgaacagcctgaaaggcgacgacacagccgtttattactgtactagggccctgacatacacctatggttatgatgcttttgatatctggggccaagggacagtggtcaccgtctcttcag","E50B_G1_108261_UID107252_RD31","IGHV3-49*04 F"
"Ebola","G","IgG1",188,"gaagtgcagctggtggagtcggggggaggcttggtacagccagggcggtccctgagactctcctgttcagcttccggattcacgtttggtgattatgctctgagctgggtccgccaggctccagggaaggggctggagtgggtaggattcattagaaataagggctatggtgggacaacagaatacgccgcgtctgtgaaaggcagattcaccatctcaagagacgaatcgaaaaggatcgcctatctgcaaatgaacagcctgaaaggcgacgacacagccgtttattactgtactagggccctgacatacacctatggttatgatgcttttgatatctggggccaagggacagtggtcaccgtctcttcag","E50B_G1_108517_UID107476_RD31","IGHV3-49*04 F"
"Ebola","G","IgG1",188,"gaagtgcagctggtggagtcggggggaggcttggtacagccagggcggtccctgagactctcctgttcagcttccggattcacgtttggtgattatgctctgagctgggtccgccaggctccagggaaggggctggagtgggtaggattcattagaaataagggctatggtgggacaacagaatacgccgcgtctgtgaaaggcagattcaccatctcaagagacgaatcgaaagggatcgcctatctgcaaatgaacagcctgaaaggcgacgacacagccgtttattactgtactagggccctgacatacacctatggttatgatgcttttgatatctggggccaagggacagtggtcaccgtctcttcag","E50B_G1_110657_UID109347_RD16","IGHV3-49*04 F"
"Ebola","G","IgG1",188,"gaagtgcagctggtggagtcggggggaggcttggtacagccaggccggtccctgagactctcctgttcagcttccggattcacgtttggtgattatgctctgagctgggtccgccaggctccagggaaggggctggagtgggtaggattcattagaaataagggctatggtgggacaacagaatacgccgcgtctgtgaaaggcagattcaccatctcaagagacgaatcgaaaaggatcgcctatctgcaaatgaacagcctgaaaggcgacgacacagccgtttattactgtactagggccctgacatacacctatggttatgatgcttttgatatctggggccaagggacagtggtcaccgtctcttcag","E50B_G1_111408_UID110008_RD22","IGHV3-49*04 F"
"Ebola","G","IgG1",188,"gaagtgcagctggtggagtcggggggaggcttggtacagccaggccggtccctgagactctcctgttcagcttccggattcacgtttggtgattatgctctgagctgggtccgccaggctccagggaaggggctggagtgggtaggattcattagaaataagggctatggtgggacaacagaatacgccgcgtctgtgaaaggcagattcaccatctcaagagacgaatcgaaaaggatcgcctatctgcaaatgaacagcctgaaaggcgacgacacagccgtttattactgtactagggccctgacatacacctatggttatgatgcttttgatatctggggccaagggacagtggtcaccgtctcttcag","E50B_G1_112630_UID111081_RD36","IGHV3-49*04 F"
"Ebola",NA,NA,188,"gaagtgcagctggtggagtcggggggaggcttggtacagccagggcggtccctgagactctcctgtacagcttccggattcacgtttggtgattatgctctgagctgggtccgccaggctccagggaaggggctggagtgggtaggattcattagaaataagggttatggtgggacaacagaatacgccgcgtctgtgaaaggcagattcaccatctcaagagacgaatcgaaaaggatcgcctatctgcaaatgaacagcctgaaaggcgacgacacagccgtttattactgtactagggcccttacatacacctatggttatgatgcttttgatatttggggccaagggacagtggtcaccgtctcttcag","E50B_UN_113274_UID111650_RD28","IGHV3-49*04 F"
"Ebola","G","IgG1",188,"gaagtgcagctggtggagtcggggggaggcttggtacagccagggcggtccctgagactctcctgttcagcttccggattcacgtttggtgattatgctctgagctgggtccgccaggctccagggaaggggctggagtgggtaggattcattagaaataagggctatggtgggacaacagaatacgccgcgtctgtgaaaggcagattcaccatctcaagagacgaatcgaaagggatcgcctatctgcaaatgaacagcctgaaaggcgacgacacagccgtttattactgtactagggccctgacatacacctatggttatgatgcttttgatatctggggccaagggacagtggtcaccgtctcttcag","E50B_G1_116262_UID114251_RD23","IGHV3-49*04 F"
"Ebola","G","IgG1",188,"gaagtgcagctggtggagtcggggggaggcttggtacagccaggccggtccctgagactctcctgttcagcttccggattcacgtttggtgattatgctctgagctgggtccgccaggctccagggaaggggctggagtgggtaggattcattagaaataagggctatggtgggacaacagaatacgccgcgtctgtgaaaggcagattcaccatctcaagagacgaatcgaaaaggatcgcctatctgcaaatgaacagcctgaaaggcgacgacacagccgtttattactgtactagggccctgacatacacctatggttatgatgcttttgatatctggggccaagggacagtggtcaccgtctcttcag","E50B_G1_116480_UID114433_RD19","IGHV3-49*04 F"
"Ebola","G","IgG1",188,"gaagtgcagctggtggagtcggggggaggcttggtacagccaggccggtccctgagactctcctgttcagcttccggattcacgtttggtgattatgctctgagctgggtccgccaggctccagggaaggggctggagtgggtaggattcattagaaataagggctatggtgggacaacagaatacgccgcgtctgtgaaaggcagattcaccatctcaagagacgaatcgaaaaggatcgcctatctgcaaatgaacagcctgaaaggcgacgacacagccgtttattactgtactagggccctgacatacacctatggttatgatgcttttgatatctggggccaagggacagtggtcaccgtctcttcag","E50B_G1_116601_UID114542_RD23","IGHV3-49*04 F"
"Ebola","G","IgG1",188,"gaagtgcagctggtggagtcggggggaggcttggtacagccagggcggtccctgagactctcctgtacagcttccggattcacctttggtgattatgctctgagctgggtccgccaggctccagggaaggggctggagtgggtaggattcagtagaaataagggttatggtgggacaacagaatacgccgcgtctgtgaaaggcagattcaccatctcaagagacgaatcgaaaaggatcgcctatctgcaaatgaacagcctgaaaggcgacgacacaggcgtttattactgtactagggcccttacatacacctatggttatgatgcttttgatatttggggccaagggacagtgggtcaccgtctcttca","E50B_G1_117955_UID115716_RD14","IGHV3-49*04 F"
"Ebola","G","IgG",188,"gaagtgcagctggtggagtcggggggaggcttggtacagccagggcggtccctgagactctcctgttcagcttccggattcacgtttggtgattatgctctgagctgggtccgccaggctccagggaaggggctggagtgggtaggattcattagaaataagggctatggtgggacaacagaatacgccgcgtctgtgaaaggcagattcaccatctcaagagacgaatcgaaagggatcgcctatctgcaaatgaacagcctgaaaggcgacgacacagccgtttattactgtactagggccctgacatacacctatggttatgatgcttttgatatctggggccggggaccctggtcaccgtctcctcag","E50B_G_120135_UID117612_RD33","IGHV3-49*04 F"
"Ebola","G","IgG1",188,"gaagtgcagctggtggagtcggggggaggcttggtacagccaggccggtccctgagactctcctgttcagcttccggattcacgtttggtgattatgctctgagctgggtccgccaggctccagggaaggggctggagtgggtaggattcattagaaataagggctatggtgggacaacagaatacgccgcgtctgtgaaaggcagattcaccatctcaagagacgaatcgaaaaggatcgcctatctgcaaatgaacagcctgaaaggcgacgacacagccgtttattactgtactagggccctgacatacacctatggttattgatgcttttgatatctggggccaagggacagtggtcaccgtctcttcag","E50B_G1_120884_UID118266_RD28","IGHV3-49*04 F"
"Ebola","G","IgG1",188,"gaagtgcagctggtggagtcggggggaggcttggtacagccaggccggtccctgagactctcctgttcagcttccggattcacgtttggtgattatgctctgagctgggtccgccaggctccagggaaggggctggagtgggtaggattcattagaaataagggctatggtgggacaacagaatacgccgcgtctgtgaaaggcagattcaccatctcaagagacgaatcgaaaaggatcgcctatctgcaaatgaacagcctgaaaggcgacgacacagccgtttattactgtactagggccctgacatacacctatggttatgatgcttttgatatctggggccaagggacagtggtcaccgtctcttcag","E50B_G1_121183_UID118526_RD12","IGHV3-49*04 F"
"Ebola","G","IgG1",188,"gaagtgcagctggtggagtcggggggaggcttggtacagccagggcggtccctgagactctcctgttcagcttccggattcacgtttggtgattatgctctgagctgggtccgccaggctccagggaaggggctggagtgggtaggattcattagaaataagggctatggtgggacaacagaatacgccgcgtctgtgaaaggcagattcaccatctcaagagacgaatcgaaagggatcgcctatctgcaaatgaacagcctgaaaggcgacgacacagccgtttattactgtactagggccctgacatacacctatggttatgatgcttttgatatctggggccaagggacagtggtcaccgtctcttcag","E50B_G1_121483_UID118784_RD22","IGHV3-49*04 F"
"Ebola","G","IgG1",188,"gaagtgcagctggtggagtcggggggaggcttggtacagccaggccggtccctgagactctcctgttcagcttccggattcacgtttggtgattatgctctgagctgggtccgccaggctccagggaaggggctggagtgggtaggattcattagaaataagggctatggtgggacaacagaatacgccgcgtctgtgaaaggcagattcaccatctcaagagacgaatcgaaaaggatcgcctatctgcaaatgaacagcctgaaaggcgacgacacagccgtttattactgtactagggccctgacatacacctatggttatgatgcttttgatatctggggccaagggacagtggtcaccgtctcttcag","E50B_G1_122699_UID119851_RD16","IGHV3-49*04 F"
"Ebola","G","IgG1",188,"gaagtgcagctggtggagtcggggggaggcttggtacagccagggcggtccctgagactctcctgtacagcttccggattcacgtttggtgattatgctctgagctgggtccgccaggctccagggaaggggctggagtgggtaggattcattagaaataagggttatggtgggacaacagaatacgccgcgtctgtgaaaggcagattcaccatctcaagagacgaatcgaaaaggatcgcctatctgcaaatgaacagcctgaaaggcgacgacacagccgtttattactgtactagggcccttacatacacctatggttatgatgcttttgatatttggggccaagggacagtggtcaccgtctcttcag","E50B_G1_123822_UID120812_RD23","IGHV3-49*04 F"
"Ebola","G","IgG1",188,"gaagtgcagctggtggagtcggggggaggcttggtacagccagggcggtccctgagactctcctgtacagcttccggattcacctttgatgattattctctgagctgggtccgccaggctccagggaaggggctggagtgggtaggattcactagaaataagggttatggtgggacagcagaatacgccgcgtctgtgaaaggcagattcaccatctcaagagacgaggcgaaaagcatcgcctatctgcacatgaacagcctgaaaggcgacgacacaggcgtttattactgtactcgggcccttacatacacctatggttacgatgcttttgatatttggggccaagggacagtggtcaccgtttcttcag","E50B_G1_126680_UID123289_RD13","IGHV3-49*04 F"
"Ebola","G","IgG1",188,"gaagtgcagttggtggagtcggggggaggcttggttcagccagggcggtccctgagactctcctgtacagcttccggattcagctttggtgactatgctctaagctgggtccgccaggctccagggaaggggctggaatgggtaggattcgttagaaataagggttatggtgggacaagcgaacacgccgcgtctgtgaaaggcagattcaacatctcaagagacgaggcgaaaaggattgtctatctgcaaatgaacagcctgaaaggcgacgacacaggcgtttattactgtactaggtcccttacatacacctatggttatgatgcttttgatctgtggggccaagggacagtggtcaccgtctcttcag","E50B_G1_127088_UID123647_RD32","IGHV3-49*04 F"
"Ebola","G","IgG1",188,"gaagtgcagctggtggagtcggggggaggcttggtacagccaggccggtccctgagactctcctgttcagcttccggattcacgtttggtgattatgctctgagctgggtccgccaggctccagggaaggggctggagtgggtaggattcattagaaataagggctatggtgggacaacagaatacgccgcgtctgtgaaaggcagattcaccatctcaagagacgaatcgaaaaggatcgcctatctgcaaatgaacagcctgaaaggcgacgacacagccgtttattactgtactagggccctgacatacacctatggttatgatgcttttgatatctggggccaagggacagtggtcaccgtctcttcag","E50B_G1_130415_UID126519_RD29","IGHV3-49*04 F"
"Ebola","G","IgG1",188,"gaagtgcagctggtggagtcggggggaggcttggtacagccagggcggtccctgagactctcctgttcagcttccggattcacgtttggtgattatgctctgagctgggtccgccaggctccagggaagggctggagtgggtaggattcattagaaataagggctatggtgggacaacagaatacgccgcgtctgtgaaaggcagattcaccatctcaagagacgaatcgaaagggatcgcctatctgcaaatgaacagcctgaaaggcgacgacacagccgtttattactgtactagggccctgacatacacctatggttatgatgcttttgatatctggggccaagggacagtggtcaccgtctcttcag","E50B_G1_131767_UID127693_RD15","IGHV3-49*04 F"
"Ebola","G","IgG1",188,"gaagtgcagctggtggagtcggggggaggcttggtacagccagggcggtccctgagactctcctgttcagcttccggattcacgtttggtgattatgctctgagctgggtccgccaggctccagggaaggggctggagtgggtaggattcattagaaataagggctatggtgggacaacagaatacgccgcgtctgtgaaaggcagattcaccatctcaagagacgaatcgaaagggatcgcctatctgcaaatgaacagcctgaaaggcgacgacacagccgtttattactgtactagggccctgacatacacctatggttatgatgcttttgatatctggggccaagggacagtggtcaccgtctcttcag","E50B_G1_134615_UID130176_RD39","IGHV3-49*04 F"
"Ebola","G","IgG1",188,"gaagtgcagctggtggagtcgggggaggcttggtacagccagggcggtccctgagactctcctgtgcagcttccggattcacctttggtgattatgctctgagctgggtccgccaggctccagggaaggggctggagtggtaggattcattagaaataagggctatggtgggacaacagaatacgccgcgtctgtgaaaggcagattcaccatctcaagagacgaatcgaaaaggatcgcctatctgcaaatgaacagcctgaaaggcgacgacacagccgtttattactgtactagggcccttacatacacctatggttatgatgcttttgatatctgggccaagggacagtggtcaccgtctcttcag","E50B_G1_137519_UID132716_RD9","IGHV3-49*04 F"
"Ebola","G","IgG1",188,"gaagtgcagctggtggagtcggggggaggcttggtacagccagggcggtccctgagactctcctgttcagcttccggattcacgtttggtgattatgctctgagctgggtccgccaggctccagggaaggggctggagtgggtaggattcattagaaataagggctatggtgggacaacagaatacgccgcgtctgtgaaaggcagattcaccatctcaagagacgaatcgaaagggatcgcctatctgcaaatgaacagcctgaaaggcgacgacacagccgtttattactgtactagggccctgacatacacctatggttatgatgcttttgatatctggggccaagggacagtggtcaccgtctcttcag","E50B_G1_142740_UID137217_RD8","IGHV3-49*04 F"
"Ebola","G","IgG1",188,"gaagtgcagctggtggagtcggggggaggcttggtacagccagggcggtccctgagactctcctgttcagcttccggattcacgtttggtgattatgctctgagctgggtccgccaggctccagggaaggggctggagtgggtaggattcattagaaataagggctatggtgggacaacagaatacgccgcgtctgtgaaaggcagattcaccatctcaagagacgaatcgaaagggatcgcctatctgcaaatgaacagcctgaaaggcgacgacacagccgtttattactgtactagggccctgacatacacctatggttatgatgcttttgatatctggggccaagggacagtggtcaccgtctcttcag","E50B_G1_142800_UID137271_RD18","IGHV3-49*04 F"
"Ebola","G","IgG1",188,"gaagtgcagctggtggagtcggggggaggcttggtacagccaggccggtccctgagactctcctgttcagcttccggattcacgtttggtgattatgctctgagctgggtccgccaggctccagggaaggggctggagtgggtaggattcattagaaataagggctatggtgggacaacagaatacgccgcgtctgtgaaaggcagattcaccatctcaagagacgaatcgaaaaggatcgcctatctgcaaatgaacagcctgaaaggcgacgacacagccgtttattactgttactagggccctgacatacacctatggttatgatgcttttgatatctggggccaagggacagtggtcaccgtctcttcag","E50B_G1_143277_UID137700_RD28","IGHV3-49*04 F"
"Ebola","G","IgG1",188,"gaagtgcagctggtggagtcggggggaggcttggtacagccaggccggtccctgagactctcctgttcagcttccggattcacgtttggtgattatgctctgagctgggtccgccaggctccagggaaggggctggagtgggtaggattcattagaaataagggctatggtgggacaacagaatacgccgcgtctgtgaaaggcagattcaccatctcaagagacgaatcgaaaaggatcgcctatctgcaaatgaacagcctgaaaggcgacgacacagccgtttattactgtactagggccctgacatacacctatggttatgatgcttttgatatctggggccaagggacagtggtcaccgtctcttcag","E50B_G1_144476_UID138727_RD25","IGHV3-49*04 F"
"Ebola","G","IgG1",188,"gaagtgcagctggtggagtcggggggaggcttggtacagccagggcggtccctgagactctcctgtacaacttccggattcacgtttggtgattatgctctgagctgggtccgccaggctccagggaaggggctggagtgggtaggattcattagaaataagggttatggtgggacaacagaatacgccgcgtctgtgaaaggcagattcaccatctcaagagacgaatcgaaaaggatcgcctatctgcaaatgaacagcctgaaaggcgacgacacaggcgtttattactgtactagggcccttacatacacctatggttatgatgcttttgatatttggggccaagggacagtggtcaccgtctcttcag","E50B_G1_145847_UID139919_RD31","IGHV3-49*04 F"
"Ebola","G","IgG1",188,"gaagtgcagctggtggagtcggggggaggcttggtacagccagggcggtccctgagactctcctgttcagcttccggattcacgtttggtgattatgctctgagctgggtccgccaggctccagggaaggggctggagtgggtaggattcattagaaataagggctatggtgggacaacagaatacgccgcgtctgtgaaaggcagattcaccatctcaagagacgaatcgaaagggatcgcctatctgcaaatgaacagcctgaaaggcgacgacacagccgtttattactgtactagggccctgacatacacctatggttatgatgcttttgatatctggggccaagggacagtggtcaccgtctcttcag","E50B_G1_146272_UID140284_RD40","IGHV3-49*04 F"
"Ebola","G","IgG1",188,"gaagtgcagctggtggagtcggggggaggcttggtacagccaggccggtccctgagactctcctgttcagcttccggattcacgtttggtgattatgctctgagctgggtccgccaggctccagggaaggggctggagtgggtaggattcattagaaataagggctatggtgggacaacagaatacgccgcgtctgtgaaaggcagattcaccatctcaagagacgaatcgaaaaggatcgcctatctgcaaatgaacagcctgaaaggcgacgacacagccgtttattactgtactagggccctgacatacacctatggttatgatgcttttgatatctggggccaagggacagtggtcaccgtctcttcag","E50B_G1_146948_UID140859_RD28","IGHV3-49*04 F"
"Ebola","G","IgG1",188,"gaagtgcagctggtggagtcggggggaggcttggtacagccaggccggtccctgagactctcctgttcagcttccggattcacgtttggtgattatgctctgagctgggtccgccaggctccagggaaggggctggagtgggtaggattcattagaaataagggctatggtgggacaacagaatacgccgcgtctgtgaaaggcagattcaccatctcaagagacgaatcgaaaaggatcgcctatctgcaaatgaacagcctgaaaggcgacgacacagccgtttattactgtactagggccctgacatacacctatggttatgatgcttttgatatctggggccaagggacagtggtcaccgtctcttcag","E50B_G1_147664_UID141472_RD31","IGHV3-49*04 F"
"Ebola","A","IgA1",188,"gaagtgcagctggtggagtcggggggaggcttggtacagccagggcggtccctgagactctcctgttcagcttccggattcacgtttggtgattatgctctgagctgggtccgccaggctccagggaaggggctggagtgggtaggattcattagaaataagggctatggtgggacaacagaatacgccgcgtctgtgaaaggcagattcaccatctcaagagacgaatcgaaagggatcgcctatctgcaaatgaacagcctgaaaggcgacgacacagccgtttattactgtactagggccctgacatacacctatggttatgatgcttttgatatctggggccaagggacagtggtcaccgtctcttcag","E50B_A1_150226_UID143647_RD9","IGHV3-49*04 F"
"Ebola","G","IgG1",188,"gaagtgcagctggtggagtcggggggaggcttggtacagccaggccggtccctgagactctcctgttcagcttccggattcacgtttggtgattatgctctgagctgggtccgccaggctccagggaaggggctggagtgggtaggattcattagaaataagggctatggtgggacaacagaatacgccgcgtctgtgaaaggcagattcaccatctcaagagacgaatcgaaaaggatcgcctatctgcaaatgaacagcctgaaaggcgacgacacagccgtttattactgtactagggccctgacatacacctatggttatgatgcttttgatatctggggccaagggacagtggtcaccgtctcttcag","E50B_G1_151516_UID144748_RD24","IGHV3-49*04 F"
"Ebola","G","IgG1",188,"gaagagcagctggtggagtcggggggaggcttggtacagccagggcggtccctgagactctcctgtacagcttccggattcacatttggtgattatgctctgagctgggtccgccaggctccagggaaggggctggagtgggtaggattcattagaaataagggttatggtgggacaacagaatacgccgcgtctgtgaaaggcagattcaccatctcaagagacgaatcgaaaaggatcgcctatctgcaaatgaacagcctgaaaggcgacgacacagccgtttattactgtactagggcccttacatacacctatggttatgatgcttttgatatttggggccaagggacagtggtcaccgttcttcagc","E50B_G1_153269_UID146220_RD37","IGHV3-49*04 F"
"Ebola","G","IgG1",188,"gaagtgcagctggtggagtcggggggaggcttggtacagccaggccggtccctgagactctcctgttcagcttccggattcacgtttggtgattatgctctgagctgggtccgccaggctccagggaaggggctggagtgggtaggattcattagaaataagggctatggtgggacaacagaatacgccgcgtctgtgaaaggcagattcaccatctcaagagacgaatcgaaaaggatcgcctatctgcaaatgaacagcctgaaaggcgacgacacagccgtttattactgtactagggccctgacatacacctatggttatgatgcttttgatatctggggccaagggacagtggtcaccgtctcttcag","E50B_G1_153528_UID146427_RD39","IGHV3-49*04 F"
"Ebola","G","IgG1",188,"gaagtgcagctggtggagtcggggggaggcttggtacagccagggcggtccctgagactctcctgttcagcttccggattcacgtttggtgattatgctctgagctgggtccgccaggctccagggaaggggctggagtgggtaggattcattagaaataagggctatggtgggacaacagaatacgccgcgtctgtgaaaggcagattcaccatctcaagagacgaatcgaaagggatcgcctatctgcaaatgaacagcctgaaaggcgacgacacagccgtttattactgtactagggccctgacatacacctatggttatgatgcttttgatatctggggccaagggacagtggtcaccgtctcttcag","E50B_G1_153896_UID146743_RD38","IGHV3-49*04 F"
"Ebola","G","IgG1",188,"gaagtgcagctggtggagtcggggggaggcttggtacagccagggcggtccctgagactctcctgttcagcttccggattcacgtttggtgattatgctctgagctgggtccgccaggctccagggaaggggctggagtgggtaggattcattagaaataagggctatggtgggacaacagaatacgccgcgtctgtgaaaggcagattcaccatctcaagagacgaatcgaaagggatcgcctatctgcaaatgaacagcctgaaaggcgacgacacagccgtttattactgtactagggccctgacatacacctatggttatgatgcttttgatatctggggccaagggacagtggtcaccgtctcttcag","E50B_G1_156158_UID148628_RD19","IGHV3-49*04 F"
"Ebola","G","IgG1",188,"gaagtgcagctggtggagtcggggggaggcttggtacagccaggccggtcctgagactctcctgttcagcttccggattcacgtttggtgattatgctctgagctgggtccgccaggctccagggaaggggctggagtgggtaggattcattagaaataagggctatggtgggacaacagaatacgccgcgtctgtgaaaggcagattcaccatctcaagagacgaatcgaaaaggatcgcctatctgcaaatgaacagcctgaaaggcgacgacacagccgtttattactgtactagggccctgacatacacctatggttatgatgcttttgatatctggggccaagggacagtggtcaccgtctcttcag","E50B_G1_157243_UID149533_RD8","IGHV3-49*04 F"
"Ebola","G","IgG1",188,"gaagtgcagctggtggagtcggggggaggcttggtacagccaggccggtccctgagactctcctgttcagcttccggattcacgtttggtgattatgctctgagctgggtccgccaggctccagggaaggggctggagtgggtaggattcattagaaataagggctatggtgggacaacagaatacgccgcgtctgtgaaaggcagattcaccatctcaagagacgaatcgaaaaggatcgcctatctgcaaatgaacagcctgaaaggcgacgacacagccgtttattactgtactagggccctgacatacacctatggttatgatgcttttgatatctggggccaagggacagtggtcaccgtctcttcag","E50B_G1_157629_UID149850_RD25","IGHV3-49*04 F"
"Ebola","G","IgG1",188,"gaagtgcagctggtggagtcggggggaggcttggtacagccaggccggtccctgagactctcctgttcagcttccggattcacgtttggtgattatgctctgagctgggtccgccaggctccagggaaggggctggagtgggtaggattcattagaaataagggctatggtgggacaacagaatacgccgcgtctgtgaaaggcagattcaccatctcaagagacgaatcgaaaaggatcgcctatctgcaaatgaacagcctgaaaggcgacgacacagccgtttattactgtactagggccctgacatacacctatggttatgatgcttttgatatctggggccaagggacagtggtcaccgtctcttcag","E50B_G1_158264_UID150387_RD33","IGHV3-49*04 F"
"Ebola","G","IgG1",188,"gaagtgcagctggtggagtcggggggaggcttggtacagccagggcggtccctgagactctcctgttcagcttccggattcacgtttggtgattatgctctgagctgggtccgccaggctccagggaaggggctggagtgggtaggattcattagaaataagggctatggtgggacaacagaatacgccgcgtctgtgaaaggcagattcaccatctcaagagacgaatcgaaagggatcgcctatctgcaaatgaacagcctgaaaggcgacgacacagccgtttattactgtactagggccctgacatacacctatggttatgatgcttttgatatctggggccaagggacagtggtcaccgtctcttcag","E50B_G1_163642_UID154851_RD14","IGHV3-49*04 F"
"Ebola","G","IgG1",188,"gaagtgcagctggtggagtcggggggaggcttggtacagccagggcggtccctgagactctcctgttcagcttccggattcacgtttggtgattatgctctgagctgggtccgccaggctccagggaaggggctggagtgggtaggattcattagaaataagggctatggtgggacaacagaatacgccgcgtctgtgaaaggcagattcaccatctcaagagacgaatcgaaagggatcgcctatctgcaaatgaacagcctgaaaggcgacgacacagccgtttattactgtactagggccctgacatacacctatggttatgatgcttttgatatctggggccaagggacagtggtcaccgtctcttcag","E50B_G1_164169_UID155290_RD31","IGHV3-49*04 F"
"Ebola","G","IgG1",188,"gaagtgcagctggtggagtcggggggaggcttggtacagccagggcggtccctgagactctcctgttcagcttccggattcacgtttggtgattatgctctgagctgggtccgccaggctccagggaaggggctggagtgggtcggattcattagaaatgagggctatggtgggacaacagaatacgccgcgtctgtgaaaggcagattcaccatctcaagagacgaatcaaagaggatcgcctatctgcaaatgaacagcctgaaaggcgacgacacagccgtttattactgtactagggccctgacatacacctatggttttgatgcttttgatatctggggccaagggacagtggtcaccgtctcttcag","E50B_G1_165930_UID156741_RD34","IGHV3-49*04 F"
"Ebola","G","IgG1",188,"gaagtgcagctggtggagtcggggggaggcttggtacagccagggcggtccctgagactctcctgttcagcttccggattcacgtttggtgattatgctctgagctgggtccgccaggctccagggaaggggctggagtgggtaggattcattagaaataagggctatggtgggacaacagaatacgccgcgtctgtgaaaggcagattcaccatctcaagagacgaatcgaaaaggatcgcctatctgcaaatgaacagcctgaaaggcgacgacacagccgtttattactgtactagggccctgacatacacctatggttttgatgcttttgatatctggggccaagggacagtggtcaccgtctcttcag","E50B_G1_167768_UID158235_RD9","IGHV3-49*04 F"
"Ebola","G","IgG1",188,"gaagtgcagctggtggagtcggggggaggcttggtacagccagggcggtccctgagactctcctgttcagcttccggattcacgtttggtgattatgctctgagctgggtccgccaggctccagggaaggggctggagtgggtaggattcattagaaataagggctatggtgggacaacagaatacgccgcgtctgtgaaaggcagattcaccatctcaagagacgaatcgaaagggatcgcctatctgcaaatgaacagcctgaaaggcgacgacacagccgtttattactgtactagggccctgacatacacctatggttatgatgcttttgatatctggggccaagggacagtggtcaccgtctcttcag","E50B_G1_173551_UID163032_RD33","IGHV3-49*04 F"
"Ebola","G","IgG1",188,"gaagtgcagctggtggagtcggggggaggcttggtacagccagggcggtccctgagactctcctgttcagcttccggattcacgtttggtgattatgctctgagctgggtccgccaggctccagggaaggggctggagtgggtaggattcattagaaataagggctatggtgggacaacagaatacgccgcgtctgtgaaaggcagattcaccatctcaagagacgaatcgaaagggatcgcctatctgcaaatgaacagcctgaaaggcgacgacacagccgtttattactgtactagggccctgacatacacctatggttatgatgcttttgatatctggggccaagggacagtggtcaccgtctcttcag","E50B_G1_173680_UID163140_RD14","IGHV3-49*04 F"
"Ebola","G","IgG1",188,"gaagtgcagctggtggagtcggggggaggcttggtacagccaggccggtccctgagactctcctgttcagcttccggattcacgtttggtgattatgctctgagctgggtccgccaggctccagggaaggggctggagtgggtaggattcattagaaataagggctatggtgggacaacagaatacgccgcgtctgtgaaaggcagattcaccatctcaagagacgaatcgaaaaggatcgcctatctgcaaatgaacagcctgaaaggcgacgacacagccgtttattactgtactagggccctgacatacacctatggttatgatgcttttgatatctggggccaagggacagtggtcaccgtctcttcag","E50B_G1_176424_UID165369_RD34","IGHV3-49*04 F"
"Ebola","A","IgA1",188,"gaagtgcagttggtggagtctgggggaggcttggtacagtcagggcggtccctgagactctcctgtacaacttccggattcacgtttggtgattatgctatgagctgggtccgccaggctcccgggaaggggctggagtgggtaggattcattagaaataagggctatggtgggacaacagaatacgccgcgtctgtgaaaggcagattcatcatctcaagagacgaatcgaaaagcaccgcctatctgcaaatgaacagcctgaaaggcgacgacacagccgtttattactgtactagggcccttacattcgcctatggatatgatgcttttgatatctggggccaagggacagtggtcaccgtctcttcag","E50B_A1_100112_UID100102_RD29","IGHV3-49*04 F"
"Ebola","G","IgG1",188,"gaagtgcagttggtggagtctgggggaggcttggtacagtcagggcggtccctgagactctcctgtacagcttccggattcacgtttggtgattatgctatgagctgggtccgccaggctcccgggaaggggctggagtgggtaggattcattagaaataagggctatggtgggacaacagaatacgccgcgtctgtgaaaggcagattcaccatctcaagagacgaatcgaaaagcaccgcctatctgcaaatgaacagcctgaaaggcgacgacacagccgtttattactgtactagggcccttacatacacctatggatatgatgcttttgatatctggggccaagggacagtggtcaccgtctcttcag","E50B_G1_101250_UID101132_RD37","IGHV3-49*04 F"
"Ebola","G","IgG1",188,"gaagtgcagctggtggagtcggggggaggcttggtacagccagggcggtccctgagactctcctgtacagcttccggattcacgtttggtgattatgctctgagctgggtccgccaggctccagggaaggggctggagtgggtaggattcattagaaataagggctatggtgggacaacagaatacgccgcgtctgtgaaaggcagattcaccatctcaagagacgaatcgaaaaggatcgcctatctgcaaatgaacagcctgaaaggcgacgacacagccgtttattactgtactagggcccttacattcacctatggttttgatgcttttgatatctggggccaagggacagtggtcaccgtctcttcag","E50B_G1_102908_UID102584_RD30","IGHV3-49*04 F"
"Ebola","A","IgA1",188,"gaagtgcagttggtggagtctgggggaggcttggtacagccagggcggtccctgagactctcctgtacagcttccggattcacgtttggtgattatgctatgagctgggtccgccaggctcccgggaaggggctggagtggataggattcattagaaatacgggctatggtgggacaacagaatacgccgcgtctgtgaaaggcagattcaccatctcaagagacgaatcgaaaagcaccgcctatctgcaaatgaacagcctgaaaggcgacgacacagccgtttatttctgtactagggcccttacattctcctatggatatgatgcttttgatatctggggccaagggacagtggtcaccgtctcttcag","E50B_A1_104319_UID103810_RD29","IGHV3-49*04 F"
"Ebola","G","IgG1",188,"gaagtgcagctggtggagtcggggggaggcttggtacagccagggcggtccctgagactctcctgtacagcttccggattcacgtttggtgattatgctctgagctgggtccgccaggctccagggaaggggctggagtgggtaggattcattagaaataagggctatggtgggacaacagaatacgccgcgtctgtgaaaggcagattcaccatctcaagagacgaatcgaaaaggatcgcctatctgcaaatgaacagcctgaaaggcgacgacacagccgtttattactgtactagggcccttacattcacctatggttttgatgcttttgatatctggggccaagggacagtggtcaccgtctcttcag","E50B_G1_107456_UID106556_RD22","IGHV3-49*04 F"
"Ebola","A","IgA1",188,"gaagtgcagttggtggagtctgggggaggcttggtacagccagggcggtccctgagactctcctgtacagcttccggattcacgtttggtgattatgctatgagctgggtccgccaggctcccgggaaggggctggagtggataggattcattagaaatacgggctatggtgggacaacagaatacgccgcgtctgtgaaaggcagattcaccatctcaagagacgaatcgaaaagcaccgcctatctgcaaatgaacagcctgaaaggcgacgacacagccgtttatttctgtactagggcccttacattctcctatggatatgatgcttttgatatctggggccaagggacagtggtcaccgtctcttcag","E50B_A1_109173_UID108058_RD24","IGHV3-49*04 F"
"Ebola","G","IgG1",188,"gaagtgcagctggtggagtcggggggaggcttggtacagccagggcggtccctgagactctcctgtgcaacctccgggttcaggtttggtgattttgctctgagctgggtccgccaggctccagggaaggggctggagtggttaggatttattagaaataagggctacggtgggacaacagaatacgccgcgtctgtgaaaggcagattcaccatctccagagacgattcgaaagggatcgcctatctgcaaatgaacagcctgacaggcgacgacacagccgtttattactgtactagggccctcacattcacctatggctatgatgcttttgatatctggggccaagggacagtggtcaccgtctcttcag","E50B_G1_116011_UID114042_RD15","IGHV3-49*04 F"
"Ebola","G","IgG1",188,"gaagtgcagctggtggagtcggggggaggcttggtacagccagggcggtccctgagactctcctgtgcaacttccgggttcacctttggtgactatgctctgagctgggtccgccaggctccagggaaggggctggaatggttaggattcattagaaataagggctatggtgggacaacagaatacgccgcgtctgtgaaaggcagattcaccatctctagagacgattcgaaagggatcgcctatctgcaaatgaacagcctgacaggcgacgacacagccgtttactactgtactagggcccttacattcacctatggttatgatgcttttgatatctggggccaagggacagtggtcaccgtctcttcag","E50B_G1_116653_UID114590_RD22","IGHV3-49*04 F"
"Ebola","G","IgG1",188,"gaagtgcagctggtggagtcggggggaggcttggtacagccagggcggtccctgagactctcctgtacagcttccggattcacgtttggtgattatgctctgagctgggtccgccaggctccagggaaggggctggagtgggtaggattcattagaaataagggctatggtgggacaacagaatacgccgcgtctgtgaaaggcagattcaccatctcaagagacgaatcgaaaaggatcgcctatctgcaaatgaacagcctgaaaggcgacgacacagccgtttattactgtactagggcccttacattcacctatggttttgatgcttttgatatctggggccaagggacagtggtcaccgtctcttcag","E50B_G1_117868_UID115644_RD18","IGHV3-49*04 F"
"Ebola","G","IgG1",188,"gaagtgcagttggtggagtctgggggaggcttggtacagtcagggcggtccctgagactctcctgtacagcttccggattcacgtttggtgattatgctatgagctgggtccgccaggctccagggaaggggctggagtgggtaggattcattagaaataagggctatggtgggacaacagaatacgccgcgtctgtgaaaggcagattcaccatctcaagagacgaatcgaaaagcaccgcctatctgcaaatgaacagcctgacaggcgacgacacagccgtttattactgtactagggcccttacatacacctatggatatgatgcttttgatatctggggccaagggacagtggtcaccgtctcttcag","E50B_G1_119620_UID117158_RD22","IGHV3-49*04 F"
"Ebola","A","IgA1",188,"gaagtgcagttggtggagtctgggggaggcttggtacagtcagggcggtccctgagactctcctgtacaacttccggattcacgtttggtgattatgctatgagctgggtccgccaggctcccgggaaggggctggagtgggtaggattcattagaaataagggctatggtgggacaacagaatacgccgcgtctgtgaaaggcagattcatcatctcaagagacgaatcgaaaagcaccgcctatctgcaaatgaacagcctgaaaggcgacgacacagccgtttattactgtactagggcccttacattcgcctatggatatgatgcttttgatatctggggccaagggacagtggtcaccgtctcttcag","E50B_A1_126255_UID122927_RD34","IGHV3-49*04 F"
"Ebola","G","IgG1",188,"gaagtgcagctggtggagtcggggggaggcttggtacagccagggcggtccctgagactctcctgtacagcttccggattcacgtttggtgattatgctctgagctgggtccgccaggctccagggaaggggctggagtgggtaggattcattagaaataagggctatggtgggacaacagaatacgccgcgtctgtgaaaggcagattcaccatctcaagagacgaatcgaaaaggatcgcctatctgcaaatgaacagcctgaaaggcgacgacacagccgtttattactgtactagggcccttacattcacctatggttttgatgcttttgatatctggggccaagggacagtggtcaccgtctcttcag","E50B_G1_126361_UID123019_RD37","IGHV3-49*04 F"
"Ebola","A","IgA1",188,"gaagtgcagttggtggagtctgggggaggctcggtacagtcagggcggtccctgagactctcctgtacaacttccggattcacgtttggtgattatgctatgagctgggtccgccaggctcccgggaaggggctggagtgggtaggattcattagaaataagggctatggtgggacaacagaatacgccgcgtctgtgaaaggcagattcatcatctcaagagacgaatcgaaaagcaccgcctatctgcaaatgaacagcctgaaaggcgacgacacagccgtttattactgtactagggcccttacattcgcctatggatatgatgcttttgatatctggggccaagggacagtggtcaccgtctcttcag","E50B_A1_128056_UID124477_RD27","IGHV3-49*04 F"
"Ebola","A","IgA1",188,"gaagtgcagttggtggagtctgggggaggcttggtacagtcagggcggtccctgagactctcctgtacagcttccggattcacgtttggtgattatgctatgagctgggtccgccaggctcccgggaaggggctggagtgggtaggattcattagaaataagggctatggtgggacaacagaatacgccgcgtctgtgaaaggcagattcaccatctcaagagacgaatcgaaaagcaccgcctatctgcaaatgaacagcctgaaaggcgacgacacagccgtttattactgtactagggcccttacatatacctatggatatgatgcttttgatatctggggccaagggacagtggtcaccgtctcttcag","E50B_A1_135049_UID130564_RD33","IGHV3-49*04 F"
"Ebola","G","IgG1",188,"gaagtgcagctggtggagtcggggggaggcttggtacagccagggcggtccctgagactctcctgtacagcttccggattcacgtttggtgattatgctctgagctgggtccgccaggctccagggaaggggctggagtgggtaggattcattagaaataagggctatggtgggacaacagaatacgccgcgtctgtgaaaggcagattcaccatctcaagagacgaatcgaaaaggatcgcctatctgcaaatgaacagcctgaaaggcgacgacacagccgtttattactgtactagggcccttacattcacctatggttttgatgcttttgatatctggggccaagggacagtggtcaccgtctcttcag","E50B_G1_147543_UID141371_RD25","IGHV3-49*04 F"
"Ebola","A","IgA1",188,"gaagtgcagttggtggagtctgggggaggcttggtacagccagggcggtccctgagactctcctgtacagcttccggattcacgtttggtgattatgctatgagctgggtccgccaggctcccgggaaggggctggagtggataggattcattagaaatacgggctatggtgggacaacagaatacgccgcgtctgtgaaaggcagattcaccatctcaagagacgaatcgaaaagcaccgcctatctgcaaatgaacagcctgaaaggcgacgacacagccgtttatttctgtactagggcccttacattctcctatggatatgatgcttttgatatctggggccaagggacagtggtcaccgtctcttcag","E50B_A1_147682_UID141490_RD40","IGHV3-49*04 F"
"Ebola","A","IgA1",188,"gaagtgcagttggtggagtctgggggaggcttggtacagtcagggcggtccctgagactctcctgtacaacttccggattcacgtttggtgattatgctatgagctgggtccgccaggctcccgggaaggggctggagtgggtaggattcattagaaataagggctatggtgggacaacagaatacgccgcgtctgtgaaaggcagattcatcatctcaagagacgaatcgaaaagcaccgcctatctgcaaatgaacagcctgaaaggcgacgacacagccgtttattactgtactagggcccttacattcgcctatggatatgatgcttttgatatctggggccaagggacagtggtcaccgtctcttcag","E50B_A1_156691_UID149068_RD34","IGHV3-49*04 F"
"Ebola","G","IgG1",188,"gaagtgcagctggtggagtcgggggaggcttggtacagccagggcggtccctgagactctcctgtgcagcttccggattcacctttggtgattatgctctgagctgggtccgccaggctccagggaaggggctggagtgggtaggattcattagaaataagggctatggtgggacaacagaatacgccgcgtctgtgaaaggcagattcaccatctcaagagacgaatcgagaaggatcgcctatctgcaaatgaacagcctgcaaggcgacgacacagccgtttattactgtactagggcccttacatacacctatggttatgatgcttttgatatctggggccaagggacagtggtcaccgtctcttcag","E50B_G1_158974_UID150980_RD10","IGHV3-49*04 F"
"Ebola","A","IgA1",188,"tgcagttggtggagtctgggggaggcttggtacagtcagggcggtccctgagactctcctgtacagcttccggattcacgtttggtgattatgctatgagctgggtccgccaggctcccgggaaggggctggagtgggtaggattcattagaaataagggctatggtgggacaacagaatacgccgcgtctgtgaaaggcagattcaccatctcaagagacgaatcgaaaagcaccgcctatctgcaaatgaacagcctgaaaggcgacgacacagccgtttattactgtactagggcccttacatatacctatggatatgatgcttttgatatctggggccaagggacagtggtcaccgtctcttcag","E50B_A1_163272_UID154545_RD44","IGHV3-49*04 F"
"Ebola","A","IgA1",188,"gaagtgcagttggtggagtctgggggaggcttggtacagtcagggcggtccctgagactctcctgtacaacttccggattcacgtttggtgattatgctatgagctgggtccgccaggctcccgggaaggggctggagtgggtaggattcattagaaataagggctatggtgggacaacagaatacgccgcgtctgtgaaaggcagattcatcatctcaagagacgaatcgaaaagcaccgcctatctgcaaatgaacagcctgaaaggcgacgacacagccgtttattactgtactagggcccttacattcgcctatggatatgatgcttttgatatctggggccaagggacagtggtcaccgtctcttcag","E50B_A1_163483_UID154720_RD39","IGHV3-49*04 F"
"Ebola","G","IgG1",188,"gaagtgcagctggtggagtcggggggaggcttggtacagccagggcggtccctgagactctcctgtacagcttccggattcacgtttggtgattatgctctgagctgggtccgccaggctccagggaaggggctggagtgggtaggattcattagaaataagggctatggtgggacaacagaatacgccgcgtctgtgaaaggcagattcaccatctcaagagacgaatcgaaaaggatcgcctatctgcaaatgaacagcctgaaaggcgacgacacagccgtttattactgtactagggcccttacattcacctatggttttgatgcttttgatatctggggccaagggacagtggtcaccgtctcttcag","E50B_G1_167798_UID158257_RD40","IGHV3-49*04 F"
"Ebola","A","IgA1",188,"gaagtgcagttggtggagtctgggggaggcttggtacagtcagggcggtccctgagactctcctgtacagcttccggattcacgtttggtgattatgctatgagctgggtccgccaggctcccgggaaggggctggagtgggtaggattcattagaaataagggctatggtgggacaacagaatacgccgcgtctgtgaaaggcagattcaccatctcaagagacgaatcgaaaagcaccgcctatctgcaaatgaacagcctgaaaggcgacgacacagccgtttattactgtactagggcccttacatacacctatggatatgatgcttttgatatctggggccaagggacagtggtcaccgtctcttcag","E50B_A1_170709_UID160680_RD21","IGHV3-49*04 F"
"Ebola","A","IgA1",188,"gaagtgcagttggtggagtctgggggaggcttggtacagccagggcggtccctgagactctcctgtacagcttccggattcacgtttggtgattatgctatgagctgggtccgccaggctcccgggaaggggctggagtggataggattcattagaaatacgggctatggtgggacaacagaatacgccgcgtctgtgaaaggcagattcaccatctcaagagacgaatcgaaaagcaccgcctatctgcaaatgaacagcctgaaaggcgacgacacagccgtttatttctgtactagggcccttacattctcctatggatatgatgcttttgatatctggggccaagggacagtggtcaccgtctcttcag","E50B_A1_172338_UID162021_RD9","IGHV3-49*04 F"
"Ebola","G","IgG1",188,"gaagtgcagctggtggagtcggggggaggcttggtacagccagggcggtccctgagactctcctgtacagcttccggattcacgtttggtgattatgctctgagctgggtccgccaggctccagggaaggggctggagtgggtaggattcattagaaataagggctatggtgggacaacagaatacgccgcgtctgtgaaaggcagattcaccatctcaagagacgaatcgaaaaggatcgcctatctgcaaatgaacagcctgaaaggcgacgacacagccgtttattactgtactagggcccttacattcacctatggttttgatgcttttgatatctggggccaagggacagtggtcaccgtctcttcag","E50B_G1_175674_UID164754_RD16","IGHV3-49*04 F"
"Ebola","G","IgG1",188,"gaggtgcagctggtggagtctgggggaggcttggtacagtcagggcactccctgagactcgcctgtacaacttccggcttcacgtttggcgattatgctgtgagctgggtccgccaggctccagggaaggggctggaatggataggattcattagaaataggggctatggtgggacaacagaatatgccgcgtctgtgagaggcagattcaccatcactagagacgaatccaagagcaccgcctatctacaaatgaacagcctgaaagtcgacgacacagccgtatattactgttctagagccctgacgtacgcctatggttttgatgcttttgatatctggggccacgggacagtggtcaccgtctcttcag","E50B_G1_104838_UID104264_RD31","IGHV3-49*04 F"
"Ebola","A","IgA1",188,"gaggtgcagctggtggagtctgggggaggcttggtacagtcagggcactccctgagactcgcctgtacaacttccggcttcacgtttggcgattatgctgtgagctgggtccgccaggctccagggaaggggctggaatggataggattcattagaaataggggctatggtgggacaacagaatatgccgcgtctgtgagaggcagattcaccatcactagagacgaatccaagagcaccgcctatctacaaatgaacagcctgaaagtcgacgacacagccgtatattactgttctagagccctgacgtacgcctatggttttgatgcttttgatatctggggccacgggacagtggtcaccgtctcttcag","E50B_A1_106597_UID105803_RD21","IGHV3-49*04 F"
"Ebola","G","IgG1",188,"gaggcgcagctggtggagtctgggggaggcttggtacagtcagggcactccctgagactcgcctgtacaacttccggattcacgtttggtgattatgctataacctgggtccgccaggctccggggaagggactggagtggataggattcactagaaataagggctatggtgggacaacagaatacgccgcgtctgtgaaaggcagattcaccatcactagagacgaatcgaagagcaccgcctatctgcaaatgaacagtctgaagggcgacgacacagccgtatattactgtagtagagccctgacatacgcctatagttatgatgcttttgatatctggggccacgggacagtggtcaccgtctcttcag","E50B_G1_112874_UID111301_RD15","IGHV3-49*04 F"
"Ebola","G","IgG",188,"gaggcgcagctggtggagtctgggggaggcttggtacagtcagggcactccctgagactcgcctgtacaacttccggattcacgtttggtgattatgctataacctgggtccgccaggctccggggaagggactggagtggataggattcactagaaataagggctatggtgggacaacagaatacgccgcgtctgtgaaaggcagattcaccatcactagagacgaatcgaagagcaccgcctatctgcaaatgaacagtctgaagggcgacgacacagccgtatattactgtagtagagccctgacatacgcctatagttatgatgcttttgatatctggggccacgggacagtggtcaccgtctcttcag","E50B_G_127476_UID123986_RD28","IGHV3-49*04 F"
"Ebola","G","IgG1",188,"gaggcgcagctggtggagtctgggggaggcttggtacagtcagggcactccctgagactcgcctgtacaacttccggattcacgtttggtgattatgctataacctgggtccgccaggctccggggaagggactggagtggataggattcactagaaataagggctatggtgggacaacagaatacgccgcgtctgtgaaaggcagattcaccatcactagagacgaatcgaagagcaccgcctatctgcaaatgaacagtctgaagggcgacgacacagccgtatattactgtagtagagccctgacatacgcctatagttatgatgcttttgatatctggggccacgggacagtggtcaccgtctcttcag","E50B_G1_152709_UID145746_RD39","IGHV3-49*04 F"
"Ebola","G","IgG2",188,"gaggtgcagctggtggagtctgggggaggcttggtacagtcagggcactccctgagactcgcctgtacaacttccggattcacgtttggtgattatgctatgagctgggtccgccaggctccagggaaggggctggagtggataggattcattagaaataagggctatggtgggacaacagaatacgccgcgtctgtgaaaggcagattcaccatcactagagacgaatccaagagcaccgcctatctgcaaatgaacagcctgaaaggcgacgacacagccgtatattactgtactagagccctgacatacgcctatggtcatgatgcttttgatatctggggccacgggacagtggtcaccgtctcttcag","E50B_G2_155822_UID148353_RD38","IGHV3-49*04 F"
"Ebola","A","IgA1",188,"gaagtgcagttggtggagtctgggggagccttggtagagtcagggcagtccctgagactctcctgtacagcttccggattcacgtttggtgattatgctatgagctgggtccgccaggctccagggaaggggctggagtgggtgggattcattagaaataagggctacggtgggacaacagaatacgccgcgtctgtgaaaggcagattcaccatctcgagagacgaatcgaaaagcaccgcctatctgcaaatgaacagcctgaaaggcgacgacaccgccgtttattactgtactcgggcccttacattcacctatggatttgatgcttttgatgtctggggccaagggacagtggtcaccgtctcttcag","E50B_A1_130569_UID126657_RD9","IGHV3-49*04 F"
"Ebola","G","IgG1",188,"gaagtgcagctggtggagtcggggggaggcttggtacagccagggcggtccctgagactctcctgtacagcttccggattcacgtttggtgattatgctctgagctgggtccgccaggctccagggaaggggctggagtgggtaggattcattagaaataagggctatggtgggacaacagaatacgccgcgtctgtgaaaggcagattcaccatctcaagagacgaatcgaaaaggatcgcctatctgcaaatgaacagcctgaaaggcgacgacacagccgtttattactgtagtcgggcccttacattcacctatggttttgatgcttttgatatctggggccaagggacagtggtcaccgtctcttcag","E50B_G1_165680_UID156538_RD34","IGHV3-49*04 F"
